{"mu": 0.0009216707389324006, "std": 0.015017676698891176, "epoch": 43, "val_mse": 0.3325281371809032, "val_ma5": 0.41735583355982014, "history_train": [0.41920025596952254, 0.28612292256679706, 0.26373372136092765, 0.2582269677454761, 0.2585277228361529, 0.25008427224508145, 0.2845080894859214, 0.2547310939840542, 0.26034117611519636, 0.254397858149433, 0.24028960207001387, 0.2500235220663661, 0.2448862423027587, 0.2524442452750861, 0.23045447103401817, 0.26719730545375714, 0.23285910946260827, 0.2334583276961673, 0.23963137743791352, 0.24249390123438314, 0.24790788427550006, 0.22485172438682732, 0.2556515252253517, 0.23401051797977002, 0.25911648288388306, 0.23640654120350374, 0.23375935612463983, 0.2416668038848735, 0.23496849714408943, 0.24873324711263103, 0.22220967499603814, 0.23873785220383067, 0.2434409263045246, 0.23560000154571142, 0.23455475597846798, 0.2407649132077593, 0.2333108721939376, 0.22899499711543514, 0.2375537710257152, 0.22438126609245834, 0.2410949255902899, 0.23196508568043275, 0.22603724474166262], "history_val": [0.5623797586519425, 0.6610230207443237, 0.4483144960991324, 0.5335285745254935, 0.66094999933896, 0.5289555918680479, 0.5146611296150783, 0.47501219380391785, 0.4162118900312136, 0.5785892679266733, 0.4285903360745678, 0.4678149941849382, 0.45759148671202465, 0.5242977901680829, 0.5537107803233682, 0.49289047718048096, 0.6073537950646387, 0.46715267390420995, 0.542016088146053, 0.5083871826733628, 0.5616437425352123, 0.49286322479378686, 0.6567003457513574, 0.37150540825438827, 0.6215030248850992, 0.36173661032768145, 0.36774578445578276, 0.4967921266000565, 0.552462734588205, 0.5938247777011296, 0.5033991606268164, 0.7529354618020254, 0.527932828419829, 0.6085497198039538, 0.48152284140456214, 0.5227852994448519, 0.4786491532848306, 0.5735676835661065, 0.42515670395877264, 0.4695912501583361, 0.39456182432501286, 0.4649412521760758, 0.3325281371809032]}