{"mu": 0.0009216707389324006, "std": 0.015017676698891176, "epoch": 39, "val_mse": 0.3723475581979098, "val_ma5": 0.40434509768877946, "history_train": [0.6787787463912915, 0.5648504057193752, 0.5727610182547906, 0.6213159575312374, 0.5531670499368259, 0.4951478848867453, 0.5451488188815821, 0.4936780949841721, 0.5593293532633506, 0.49045450268110047, 0.4745897343131177, 0.49240613465743743, 0.5851775537865459, 0.4839144095835851, 0.5220842401620206, 0.5184030110477942, 0.5386713946737894, 0.5055120504330916, 0.49297560717006705, 0.44009439465476247, 0.48784852930761885, 0.47769525092434667, 0.5034340906969543, 0.48624921189346115, 0.4745045378517278, 0.4657572774893206, 0.4979436393726775, 0.4703891725687069, 0.5341373779195264, 0.5009955768407692, 0.46976503603571645, 0.47664531227559886, 0.48321035248018196, 0.46933008127861364, 0.4483513816789424, 0.5092047387506904, 0.46741065830566153, 0.48210157237860907, 0.476785690472276], "history_val": [0.5932013286303167, 0.6422763719950637, 0.7418792255937237, 0.6439614638890305, 0.5543012267922702, 0.4316428336378646, 0.5991160461347397, 0.4408066803461885, 0.5227979241985165, 0.6981780022790988, 0.5426085370860688, 0.44757220475641013, 0.6343274606417303, 0.6771473794767301, 0.541508870582058, 0.4970019235186381, 0.5588748499955216, 0.42252418439682216, 0.5014889954704128, 0.5415410619892486, 0.5286524577500069, 0.5046288999792647, 0.47574272425207376, 0.4800984345070303, 0.4551500833197816, 0.47915948131313063, 0.5051500348195638, 0.41933443162539236, 0.5495739244434932, 0.4233140545348599, 0.5568469166755676, 0.42820247068797074, 0.5538565373584016, 0.43003636598587036, 0.33526750460062943, 0.47750350343037956, 0.4315837662513942, 0.4050231559635842, 0.3723475581979098]}
